Workbook

Sheet Dashboard e Resumo
B2: GESTÃO DE ESTOQUE - CENTRO DE DISTRIBUIÇÃO (CD)
B3: Relatório Executivo e Resumo de Materiais Cadastrados
B5: TOTAL DE SKUs | D5: VALOR TOTAL ESTOQUE | F5: QTD TOTAL ITENS | H5: ITENS EM STATUS CRÍTICO
B6: =COUNTA('Estoque CD (200 Linhas)'!B2:B201) | D6: =SUM('Estoque CD (200 Linhas)'!I2:I201) | F6: =SUM('Estoque CD (200 Linhas)'!F2:F201) | H6: =COUNTIF('Estoque CD (200 Linhas)'!K2:K201, "CRÍTICO")
B9: Resumo por Categoria de Material
B10: Categoria / Tipo de Material | C10: Qtd SKUs | D10: Estoque Total (Unidades) | E10: Valor em Estoque (R$) | F10: Itens Críticos
B11: Embalagens e Caixas | C11: =COUNTIF('Estoque CD (200 Linhas)'!D2:D201, "Embalagens e Caixas") | D11: =SUMIF('Estoque CD (200 Linhas)'!D2:D201, "Embalagens e Caixas", 'Estoque CD (200 Linhas)'!F2:F201) | E11: =SUMIF('Estoque CD (200 Linhas)'!D2:D201, "Embalagens e Caixas", 'Estoque CD (200 Linhas)'!I2:I201) | F11: =COUNTIFS('Estoque CD (200 Linhas)'!D2:D201, "Embalagens e Caixas", 'Estoque CD (200 Linhas)'!K2:K201, "CRÍTICO")
B12: Filmes e Proteção Plástica | C12: =COUNTIF('Estoque CD (200 Linhas)'!D2:D201, "Filmes e Proteção Plástica") | D12: =SUMIF('Estoque CD (200 Linhas)'!D2:D201, "Filmes e Proteção Plástica", 'Estoque CD (200 Linhas)'!F2:F201) | E12: =SUMIF('Estoque CD (200 Linhas)'!D2:D201, "Filmes e Proteção Plástica", 'Estoque CD (200 Linhas)'!I2:I201) | F12: =COUNTIFS('Estoque CD (200 Linhas)'!D2:D201, "Filmes e Proteção Plástica", 'Estoque CD (200 Linhas)'!K2:K201, "CRÍTICO")
B13: Fitas e Lacres | C13: =COUNTIF('Estoque CD (200 Linhas)'!D2:D201, "Fitas e Lacres") | D13: =SUMIF('Estoque CD (200 Linhas)'!D2:D201, "Fitas e Lacres", 'Estoque CD (200 Linhas)'!F2:F201) | E13: =SUMIF('Estoque CD (200 Linhas)'!D2:D201, "Fitas e Lacres", 'Estoque CD (200 Linhas)'!I2:I201) | F13: =COUNTIFS('Estoque CD (200 Linhas)'!D2:D201, "Fitas e Lacres", 'Estoque CD (200 Linhas)'!K2:K201, "CRÍTICO")
B14: Paletes e Acessórios | C14: =COUNTIF('Estoque CD (200 Linhas)'!D2:D201, "Paletes e Acessórios") | D14: =SUMIF('Estoque CD (200 Linhas)'!D2:D201, "Paletes e Acessórios", 'Estoque CD (200 Linhas)'!F2:F201) | E14: =SUMIF('Estoque CD (200 Linhas)'!D2:D201, "Paletes e Acessórios", 'Estoque CD (200 Linhas)'!I2:I201) | F14: =COUNTIFS('Estoque CD (200 Linhas)'!D2:D201, "Paletes e Acessórios", 'Estoque CD (200 Linhas)'!K2:K201, "CRÍTICO")
B15: Amarra e Arquear | C15: =COUNTIF('Estoque CD (200 Linhas)'!D2:D201, "Amarra e Arquear") | D15: =SUMIF('Estoque CD (200 Linhas)'!D2:D201, "Amarra e Arquear", 'Estoque CD (200 Linhas)'!F2:F201) | E15: =SUMIF('Estoque CD (200 Linhas)'!D2:D201, "Amarra e Arquear", 'Estoque CD (200 Linhas)'!I2:I201) | F15: =COUNTIFS('Estoque CD (200 Linhas)'!D2:D201, "Amarra e Arquear", 'Estoque CD (200 Linhas)'!K2:K201, "CRÍTICO")
B16: Etiquetas e Identificação | C16: =COUNTIF('Estoque CD (200 Linhas)'!D2:D201, "Etiquetas e Identificação") | D16: =SUMIF('Estoque CD (200 Linhas)'!D2:D201, "Etiquetas e Identificação", 'Estoque CD (200 Linhas)'!F2:F201) | E16: =SUMIF('Estoque CD (200 Linhas)'!D2:D201, "Etiquetas e Identificação", 'Estoque CD (200 Linhas)'!I2:I201) | F16: =COUNTIFS('Estoque CD (200 Linhas)'!D2:D201, "Etiquetas e Identificação", 'Estoque CD (200 Linhas)'!K2:K201, "CRÍTICO")
B17: Equipamentos de Proteção Individual (EPI) | C17: =COUNTIF('Estoque CD (200 Linhas)'!D2:D201, "Equipamentos de Proteção Individual (EPI)") | D17: =SUMIF('Estoque CD (200 Linhas)'!D2:D201, "Equipamentos de Proteção Individual (EPI)", 'Estoque CD (200 Linhas)'!F2:F201) | E17: =SUMIF('Estoque CD (200 Linhas)'!D2:D201, "Equipamentos de Proteção Individual (EPI)", 'Estoque CD (200 Linhas)'!I2:I201) | F17: =COUNTIFS('Estoque CD (200 Linhas)'!D2:D201, "Equipamentos de Proteção Individual (EPI)", 'Estoque CD (200 Linhas)'!K2:K201, "CRÍTICO")
B18: Ferramentas Manuais de Depósito | C18: =COUNTIF('Estoque CD (200 Linhas)'!D2:D201, "Ferramentas Manuais de Depósito") | D18: =SUMIF('Estoque CD (200 Linhas)'!D2:D201, "Ferramentas Manuais de Depósito", 'Estoque CD (200 Linhas)'!F2:F201) | E18: =SUMIF('Estoque CD (200 Linhas)'!D2:D201, "Ferramentas Manuais de Depósito", 'Estoque CD (200 Linhas)'!I2:I201) | F18: =COUNTIFS('Estoque CD (200 Linhas)'!D2:D201, "Ferramentas Manuais de Depósito", 'Estoque CD (200 Linhas)'!K2:K201, "CRÍTICO")
B19: Suprimentos de TI e Coleta | C19: =COUNTIF('Estoque CD (200 Linhas)'!D2:D201, "Suprimentos de TI e Coleta") | D19: =SUMIF('Estoque CD (200 Linhas)'!D2:D201, "Suprimentos de TI e Coleta", 'Estoque CD (200 Linhas)'!F2:F201) | E19: =SUMIF('Estoque CD (200 Linhas)'!D2:D201, "Suprimentos de TI e Coleta", 'Estoque CD (200 Linhas)'!I2:I201) | F19: =COUNTIFS('Estoque CD (200 Linhas)'!D2:D201, "Suprimentos de TI e Coleta", 'Estoque CD (200 Linhas)'!K2:K201, "CRÍTICO")
B20: Limpeza e Conservação | C20: =COUNTIF('Estoque CD (200 Linhas)'!D2:D201, "Limpeza e Conservação") | D20: =SUMIF('Estoque CD (200 Linhas)'!D2:D201, "Limpeza e Conservação", 'Estoque CD (200 Linhas)'!F2:F201) | E20: =SUMIF('Estoque CD (200 Linhas)'!D2:D201, "Limpeza e Conservação", 'Estoque CD (200 Linhas)'!I2:I201) | F20: =COUNTIFS('Estoque CD (200 Linhas)'!D2:D201, "Limpeza e Conservação", 'Estoque CD (200 Linhas)'!K2:K201, "CRÍTICO")
B21: Fixadores e Hardware | C21: =COUNTIF('Estoque CD (200 Linhas)'!D2:D201, "Fixadores e Hardware") | D21: =SUMIF('Estoque CD (200 Linhas)'!D2:D201, "Fixadores e Hardware", 'Estoque CD (200 Linhas)'!F2:F201) | E21: =SUMIF('Estoque CD (200 Linhas)'!D2:D201, "Fixadores e Hardware", 'Estoque CD (200 Linhas)'!I2:I201) | F21: =COUNTIFS('Estoque CD (200 Linhas)'!D2:D201, "Fixadores e Hardware", 'Estoque CD (200 Linhas)'!K2:K201, "CRÍTICO")
B22: Material Elétrico Industrial | C22: =COUNTIF('Estoque CD (200 Linhas)'!D2:D201, "Material Elétrico Industrial") | D22: =SUMIF('Estoque CD (200 Linhas)'!D2:D201, "Material Elétrico Industrial", 'Estoque CD (200 Linhas)'!F2:F201) | E22: =SUMIF('Estoque CD (200 Linhas)'!D2:D201, "Material Elétrico Industrial", 'Estoque CD (200 Linhas)'!I2:I201) | F22: =COUNTIFS('Estoque CD (200 Linhas)'!D2:D201, "Material Elétrico Industrial", 'Estoque CD (200 Linhas)'!K2:K201, "CRÍTICO")
B23: Hidráulica e Pneumática | C23: =COUNTIF('Estoque CD (200 Linhas)'!D2:D201, "Hidráulica e Pneumática") | D23: =SUMIF('Estoque CD (200 Linhas)'!D2:D201, "Hidráulica e Pneumática", 'Estoque CD (200 Linhas)'!F2:F201) | E23: =SUMIF('Estoque CD (200 Linhas)'!D2:D201, "Hidráulica e Pneumática", 'Estoque CD (200 Linhas)'!I2:I201) | F23: =COUNTIFS('Estoque CD (200 Linhas)'!D2:D201, "Hidráulica e Pneumática", 'Estoque CD (200 Linhas)'!K2:K201, "CRÍTICO")
B24: Lubrificantes e Químicos | C24: =COUNTIF('Estoque CD (200 Linhas)'!D2:D201, "Lubrificantes e Químicos") | D24: =SUMIF('Estoque CD (200 Linhas)'!D2:D201, "Lubrificantes e Químicos", 'Estoque CD (200 Linhas)'!F2:F201) | E24: =SUMIF('Estoque CD (200 Linhas)'!D2:D201, "Lubrificantes e Químicos", 'Estoque CD (200 Linhas)'!I2:I201) | F24: =COUNTIFS('Estoque CD (200 Linhas)'!D2:D201, "Lubrificantes e Químicos", 'Estoque CD (200 Linhas)'!K2:K201, "CRÍTICO")
B25: Sinalização e Segurança | C25: =COUNTIF('Estoque CD (200 Linhas)'!D2:D201, "Sinalização e Segurança") | D25: =SUMIF('Estoque CD (200 Linhas)'!D2:D201, "Sinalização e Segurança", 'Estoque CD (200 Linhas)'!F2:F201) | E25: =SUMIF('Estoque CD (200 Linhas)'!D2:D201, "Sinalização e Segurança", 'Estoque CD (200 Linhas)'!I2:I201) | F25: =COUNTIFS('Estoque CD (200 Linhas)'!D2:D201, "Sinalização e Segurança", 'Estoque CD (200 Linhas)'!K2:K201, "CRÍTICO")
B26: Escritório Logístico | C26: =COUNTIF('Estoque CD (200 Linhas)'!D2:D201, "Escritório Logístico") | D26: =SUMIF('Estoque CD (200 Linhas)'!D2:D201, "Escritório Logístico", 'Estoque CD (200 Linhas)'!F2:F201) | E26: =SUMIF('Estoque CD (200 Linhas)'!D2:D201, "Escritório Logístico", 'Estoque CD (200 Linhas)'!I2:I201) | F26: =COUNTIFS('Estoque CD (200 Linhas)'!D2:D201, "Escritório Logístico", 'Estoque CD (200 Linhas)'!K2:K201, "CRÍTICO")
B27: Peças de Empilhadeira e Paleteira | C27: =COUNTIF('Estoque CD (200 Linhas)'!D2:D201, "Peças de Empilhadeira e Paleteira") | D27: =SUMIF('Estoque CD (200 Linhas)'!D2:D201, "Peças de Empilhadeira e Paleteira", 'Estoque CD (200 Linhas)'!F2:F201) | E27: =SUMIF('Estoque CD (200 Linhas)'!D2:D201, "Peças de Empilhadeira e Paleteira", 'Estoque CD (200 Linhas)'!I2:I201) | F27: =COUNTIFS('Estoque CD (200 Linhas)'!D2:D201, "Peças de Empilhadeira e Paleteira", 'Estoque CD (200 Linhas)'!K2:K201, "CRÍTICO")
B28: Iluminação Industrial | C28: =COUNTIF('Estoque CD (200 Linhas)'!D2:D201, "Iluminação Industrial") | D28: =SUMIF('Estoque CD (200 Linhas)'!D2:D201, "Iluminação Industrial", 'Estoque CD (200 Linhas)'!F2:F201) | E28: =SUMIF('Estoque CD (200 Linhas)'!D2:D201, "Iluminação Industrial", 'Estoque CD (200 Linhas)'!I2:I201) | F28: =COUNTIFS('Estoque CD (200 Linhas)'!D2:D201, "Iluminação Industrial", 'Estoque CD (200 Linhas)'!K2:K201, "CRÍTICO")
B29: Caixas e Organizadores | C29: =COUNTIF('Estoque CD (200 Linhas)'!D2:D201, "Caixas e Organizadores") | D29: =SUMIF('Estoque CD (200 Linhas)'!D2:D201, "Caixas e Organizadores", 'Estoque CD (200 Linhas)'!F2:F201) | E29: =SUMIF('Estoque CD (200 Linhas)'!D2:D201, "Caixas e Organizadores", 'Estoque CD (200 Linhas)'!I2:I201) | F29: =COUNTIFS('Estoque CD (200 Linhas)'!D2:D201, "Caixas e Organizadores", 'Estoque CD (200 Linhas)'!K2:K201, "CRÍTICO")
B30: Consumáveis Diversos | C30: =COUNTIF('Estoque CD (200 Linhas)'!D2:D201, "Consumáveis Diversos") | D30: =SUMIF('Estoque CD (200 Linhas)'!D2:D201, "Consumáveis Diversos", 'Estoque CD (200 Linhas)'!F2:F201) | E30: =SUMIF('Estoque CD (200 Linhas)'!D2:D201, "Consumáveis Diversos", 'Estoque CD (200 Linhas)'!I2:I201) | F30: =COUNTIFS('Estoque CD (200 Linhas)'!D2:D201, "Consumáveis Diversos", 'Estoque CD (200 Linhas)'!K2:K201, "CRÍTICO")
B31: TOTAL GERAL | C31: =SUM(C11:C30) | D31: =SUM(D11:D30) | E31: =SUM(E11:E30) | F31: =SUM(F11:F30)

Sheet Estoque CD (200 Linhas)
A1: Item | B1: Código SKU | C1: Descrição do Material | D1: Categoria / Tipo | E1: Endereço no CD | F1: Qtd em Estoque | G1: Unidade | H1: Custo Unit. (R$) | I1: Valor Total (R$) | J1: Estoque Mínimo | K1: Status do Estoque | L1: Última Movimentação
A2: 1 | B2: SKU-1001 | C2: Caixa de Papelão Ondulado P (30x20x15) | D2: Embalagens e Caixas | E2: Rua B-01-03-A | F2: 105 | G2: CX | H2: 3.37 | I2: =F2*H2 | J2: 150 | K2: =IF(F2<=J2,"CRÍTICO","NORMAL") | L2: Qtd Entrada | M2: Qtd Saída | N2: Data Entrada | O2: Data Saída
A3: 2 | B3: SKU-1002 | C3: Caixa de Papelão Ondulado M (40x30x25) | D3: Embalagens e Caixas | E3: Rua B-19-04-A | F3: 89 | G3: CX | H3: 5.56 | I3: =F3*H3 | J3: 200 | K3: =IF(F3<=J3,"CRÍTICO","NORMAL") | L3: 78 | M3: 69 | N3: 05/10/2026 | O3: 05/10/2026
A4: 3 | B4: SKU-1003 | C4: Caixa de Papelão Ondulado G (60x40x40) | D4: Embalagens e Caixas | E4: Rua A-18-02-B | F4: 103 | G4: CX | H4: 9.15 | I4: =F4*H4 | J4: 100 | K4: =IF(F4<=J4,"CRÍTICO","NORMAL") | L4: 59 | M4: 26 | N4: 18/10/2026 | O4: 23/10/2026
A5: 4 | B5: SKU-1004 | C5: Caixa Papelão Reforçada Tripla | D5: Embalagens e Caixas | E5: Rua A-25-02-B | F5: 143 | G5: CX | H5: 14.18 | I5: =F5*H5 | J5: 80 | K5: =IF(F5<=J5,"CRÍTICO","NORMAL") | L5: 68 | M5: 21 | N5: 27/10/2026 | O5: 27/10/2026
A6: 5 | B6: SKU-1005 | C6: Caixa Telescópica para Paletização | D6: Embalagens e Caixas | E6: Rua F-04-01-B | F6: 5 | G6: CX | H6: 17.75 | I6: =F6*H6 | J6: 50 | K6: =IF(F6<=J6,"CRÍTICO","NORMAL") | L6: 61 | M6: 150 | N6: 20/10/2026 | O6: 21/10/2026
A7: 6 | B7: SKU-1006 | C7: Caixa para Arquivo Morto | D7: Embalagens e Caixas | E7: Rua E-02-04-A | F7: 317 | G7: CX | H7: 4.02 | I7: =F7*H7 | J7: 120 | K7: =IF(F7<=J7,"CRÍTICO","NORMAL") | L7: 197 | M7: 96 | N7: 03/10/2026 | O7: 17/10/2026
A8: 7 | B8: SKU-1007 | C8: Caixa Palete de Papelão KRAFT | D8: Embalagens e Caixas | E8: Rua F-19-02-A | F8: 5 | G8: CX | H8: 45.73 | I8: =F8*H8 | J8: 30 | K8: =IF(F8<=J8,"CRÍTICO","NORMAL") | L8: 120 | M8: 163 | N8: 24/10/2026 | O8: 24/10/2026
A9: 8 | B9: SKU-1008 | C9: Caixa Correio Reforçada P | D9: Embalagens e Caixas | E9: Rua B-08-01-B | F9: 328 | G9: CX | H9: 2.79 | I9: =F9*H9 | J9: 250 | K9: =IF(F9<=J9,"CRÍTICO","NORMAL") | L9: 97 | M9: 69 | N9: 04/10/2026 | O9: 22/10/2026
A10: 9 | B10: SKU-1009 | C10: Caixa Correio Reforçada M | D10: Embalagens e Caixas | E10: Rua C-12-03-A | F10: 453 | G10: CX | H10: 4 | I10: =F10*H10 | J10: 180 | K10: =IF(F10<=J10,"CRÍTICO","NORMAL") | L10: 45 | M10: 132 | N10: 12/10/2026 | O10: 13/10/2026
A11: 10 | B11: SKU-1010 | C11: Caixa de Madeira Exportação | D11: Embalagens e Caixas | E11: Rua B-20-02-A | F11: 70 | G11: UN | H11: 119.55 | I11: =F11*H11 | J11: 15 | K11: =IF(F11<=J11,"CRÍTICO","NORMAL") | L11: 188 | M11: 128 | N11: 16/10/2026 | O11: 18/10/2026
A12: 11 | B12: SKU-1011 | C12: Filme Stretch Manual 500x0,025mm (Rolo 4kg) | D12: Filmes e Proteção Plástica | E12: Rua D-22-03-A | F12: 25 | G12: RL | H12: 39.22 | I12: =F12*H12 | J12: 60 | K12: =IF(F12<=J12,"CRÍTICO","NORMAL") | L12: 99 | M12: 116 | N12: 12/10/2026 | O12: 14/10/2026
A13: 12 | B13: SKU-1012 | C13: Filme Stretch Automático (Rolo 12kg) | D13: Filmes e Proteção Plástica | E13: Rua G-09-01-A | F13: 39 | G13: RL | H13: 119.33 | I13: =F13*H13 | J13: 30 | K13: =IF(F13<=J13,"CRÍTICO","NORMAL") | L13: 44 | M13: 80 | N13: 04/10/2026 | O13: 25/10/2026
A14: 13 | B14: SKU-1013 | C14: Plástico Bolha Rolo 1,20m x 100m | D14: Filmes e Proteção Plástica | E14: Rua D-21-04-B | F14: 65 | G14: RL | H14: 84.65 | I14: =F14*H14 | J14: 25 | K14: =IF(F14<=J14,"CRÍTICO","NORMAL") | L14: 127 | M14: 137 | N14: 05/10/2026 | O14: 09/10/2026
... A201: 200 | B201: SKU-1200 | C201: Corda de Polipropileno 8mm Rolo 100 Metros | D201: Consumáveis Diversos | E201: Rua H-17-03-A | F201: 29 | G201: RL | H201: 71.25 | I201: =F201*H201 | J201: 20 | K201: =IF(F201<=J201,"CRÍTICO","NORMAL") | L201: 183 | M201: 168 | N201: 13/10/2026 | O201: 16/10/2026
C202: TOTAL GERAL | I202: =F202*H202 | K202: =IF(F202<=J202,"CRÍTICO","NORMAL") | L202: 91 | M202: 168 | N202: 04/10/2026 | O202: 21/10/2026
